Customer ID;Customer Name
AA-10315;Customer-1
AA-10375;Customer-2
AA-10480;Customer-3
AA-10645;Customer-4
AB-10015;Customer-5
AB-10060;Customer-6
AB-10105;Customer-7
AB-10150;Customer-8
AB-10165;Customer-9
AB-10255;Customer-10
AB-10600;Customer-11
AC-10420;Customer-12
AC-10450;Customer-13
AC-10615;Customer-14
AC-10660;Customer-15
AD-10180;Customer-16
AF-10870;Customer-17
AF-10885;Customer-18
AG-10270;Customer-19
AG-10300;Customer-20
AG-10330;Customer-21
AG-10390;Customer-22
AG-10495;Customer-23
AG-10525;Customer-24
AG-10675;Customer-25
AG-10765;Customer-26
AG-10900;Customer-27
AH-10030;Customer-28
AH-10075;Customer-29
AH-10120;Customer-30
AH-10195;Customer-31
AH-10210;Customer-32
AH-10465;Customer-33
AH-10585;Customer-34
AH-10690;Customer-35
AI-10855;Customer-36
AJ-10780;Customer-37
AJ-10795;Customer-38
AJ-10945;Customer-39
AJ-10960;Customer-40
AM-10360;Customer-41
AM-10705;Customer-42
AO-10810;Customer-43
AP-10720;Customer-44
AP-10915;Customer-45
AR-10345;Customer-46
AR-10405;Customer-47
AR-10510;Customer-48
AR-10540;Customer-49
AR-10570;Customer-50
AR-10825;Customer-51
AS-10045;Customer-52
AS-10090;Customer-53
AS-10135;Customer-54
AS-10225;Customer-55
AS-10240;Customer-56
AS-10285;Customer-57
AS-10630;Customer-58
AT-10435;Customer-59
AT-10735;Customer-60
AW-10840;Customer-61
AW-10930;Customer-62
AY-10555;Customer-63
AZ-10750;Customer-64
BB-10990;Customer-65
BB-11545;Customer-66
BC-11125;Customer-67
BD-11320;Customer-68
BD-11500;Customer-69
BD-11560;Customer-70
BD-11605;Customer-71
BD-11620;Customer-72
BD-11635;Customer-73
BD-11725;Customer-74
BD-11770;Customer-75
BE-11335;Customer-76
BE-11410;Customer-77
BE-11455;Customer-78
BF-10975;Customer-79
BF-11005;Customer-80
BF-11020;Customer-81
BF-11080;Customer-82
BF-11170;Customer-83
BF-11215;Customer-84
BF-11275;Customer-85
BG-11035;Customer-86
BG-11695;Customer-87
BG-11740;Customer-88
BH-11710;Customer-89
BK-11260;Customer-90
BM-11140;Customer-91
BM-11575;Customer-92
BM-11650;Customer-93
BM-11785;Customer-94
BN-11470;Customer-95
BN-11515;Customer-96
BO-11350;Customer-97
BO-11425;Customer-98
BP-11050;Customer-99
BP-11095;Customer-100
BP-11155;Customer-101
BP-11185;Customer-102
BP-11230;Customer-103
BP-11290;Customer-104
BS-11365;Customer-105
BS-11380;Customer-106
BS-11590;Customer-107
BS-11665;Customer-108
BS-11755;Customer-109
BS-11800;Customer-110
BT-11305;Customer-111
BT-11395;Customer-112
BT-11440;Customer-113
BT-11485;Customer-114
BT-11530;Customer-115
BT-11680;Customer-116
BV-11245;Customer-117
BW-11065;Customer-118
BW-11110;Customer-119
BW-11200;Customer-120
CA-11965;Customer-121
CA-12055;Customer-122
CA-12265;Customer-123
CA-12310;Customer-124
CA-12775;Customer-125
CB-12025;Customer-126
CB-12415;Customer-127
CB-12535;Customer-128
CC-12100;Customer-129
CC-12145;Customer-130
CC-12220;Customer-131
CC-12370;Customer-132
CC-12430;Customer-133
CC-12475;Customer-134
CC-12550;Customer-135
CC-12610;Customer-136
CC-12670;Customer-137
CC-12685;Customer-138
CD-11920;Customer-139
CD-11980;Customer-140
CD-12280;Customer-141
CD-12790;Customer-142
CG-12040;Customer-143
CG-12520;Customer-144
CH-12070;Customer-145
CJ-11875;Customer-146
CJ-12010;Customer-147
CK-12205;Customer-148
CK-12325;Customer-149
CK-12595;Customer-150
CK-12760;Customer-151
CL-11890;Customer-152
CL-12565;Customer-153
CL-12700;Customer-154
CM-11815;Customer-155
CM-11935;Customer-156
CM-12115;Customer-157
CM-12160;Customer-158
CM-12190;Customer-159
CM-12235;Customer-160
CM-12385;Customer-161
CM-12445;Customer-162
CM-12655;Customer-163
CM-12715;Customer-164
Co-12640;Customer-165
CP-12085;Customer-166
CP-12340;Customer-167
CR-12580;Customer-168
CR-12625;Customer-169
CR-12730;Customer-170
CR-12820;Customer-171
CS-11845;Customer-172
CS-11860;Customer-173
CS-11950;Customer-174
CS-12130;Customer-175
CS-12175;Customer-176
CS-12250;Customer-177
CS-12355;Customer-178
CS-12400;Customer-179
CS-12460;Customer-180
CS-12490;Customer-181
CS-12505;Customer-182
CT-11995;Customer-183
CV-12295;Customer-184
CV-12805;Customer-185
CW-11905;Customer-186
CY-12745;Customer-187
DA-13450;Customer-188
DB-12910;Customer-189
DB-12970;Customer-190
DB-13060;Customer-191
DB-13120;Customer-192
DB-13210;Customer-193
DB-13270;Customer-194
DB-13360;Customer-195
DB-13405;Customer-196
DB-13555;Customer-197
DB-13615;Customer-198
DB-13660;Customer-199
DC-12850;Customer-200
DC-13285;Customer-201
DD-13570;Customer-202
DE-13255;Customer-203
DF-13135;Customer-204
DG-13300;Customer-205
DH-13075;Customer-206
DH-13675;Customer-207
DJ-13420;Customer-208
DJ-13510;Customer-209
DJ-13630;Customer-210
DK-12835;Customer-211
DK-12895;Customer-212
DK-12985;Customer-213
DK-13090;Customer-214
DK-13150;Customer-215
DK-13225;Customer-216
DK-13375;Customer-217
DL-12865;Customer-218
DL-12925;Customer-219
DL-13315;Customer-220
DL-13330;Customer-221
DL-13495;Customer-222
Dl-13600;Customer-223
DM-12955;Customer-224
DM-13015;Customer-225
DM-13345;Customer-226
DM-13525;Customer-227
DN-13690;Customer-228
DO-13435;Customer-229
DO-13645;Customer-230
DP-13000;Customer-231
DP-13105;Customer-232
DP-13165;Customer-233
Dp-13240;Customer-234
DP-13390;Customer-235
DR-12880;Customer-236
DR-12940;Customer-237
DS-13030;Customer-238
DS-13180;Customer-239
DV-13045;Customer-240
DV-13465;Customer-241
DW-13195;Customer-242
DW-13480;Customer-243
DW-13540;Customer-244
DW-13585;Customer-245
EA-14035;Customer-246
EB-13705;Customer-247
EB-13750;Customer-248
EB-13840;Customer-249
EB-13870;Customer-250
EB-13930;Customer-251
EB-13975;Customer-252
EB-14110;Customer-253
EB-14170;Customer-254
EC-14050;Customer-255
ED-13885;Customer-256
EG-13900;Customer-257
EH-13765;Customer-258
EH-13945;Customer-259
EH-13990;Customer-260
EH-14005;Customer-261
EH-14125;Customer-262
EH-14185;Customer-263
EJ-13720;Customer-264
EJ-14155;Customer-265
EK-13795;Customer-266
EL-13735;Customer-267
EM-13810;Customer-268
EM-13825;Customer-269
EM-13960;Customer-270
EM-14065;Customer-271
EM-14095;Customer-272
EM-14140;Customer-273
EM-14200;Customer-274
EN-13780;Customer-275
EP-13915;Customer-276
ER-13855;Customer-277
ES-14020;Customer-278
ES-14080;Customer-279
FA-14230;Customer-280
FC-14245;Customer-281
FC-14335;Customer-282
FG-14260;Customer-283
FH-14275;Customer-284
FH-14350;Customer-285
FH-14365;Customer-286
FM-14215;Customer-287
FM-14290;Customer-288
FM-14380;Customer-289
FO-14305;Customer-290
FP-14320;Customer-291
FW-14395;Customer-292
GA-14515;Customer-293
GA-14725;Customer-294
GB-14530;Customer-295
GB-14575;Customer-296
GD-14590;Customer-297
GG-14650;Customer-298
GH-14410;Customer-299
GH-14425;Customer-300
GH-14485;Customer-301
GH-14665;Customer-302
GK-14620;Customer-303
GM-14440;Customer-304
GM-14455;Customer-305
GM-14500;Customer-306
GM-14680;Customer-307
GM-14695;Customer-308
GP-14740;Customer-309
GR-14560;Customer-310
GT-14635;Customer-311
GT-14710;Customer-312
GT-14755;Customer-313
GW-14605;Customer-314
GZ-14470;Customer-315
GZ-14545;Customer-316
HA-14905;Customer-317
HA-14920;Customer-318
HD-14785;Customer-319
HE-14800;Customer-320
HF-14995;Customer-321
HG-14845;Customer-322
HG-14965;Customer-323
HG-15025;Customer-324
HH-15010;Customer-325
HJ-14875;Customer-326
HK-14890;Customer-327
HL-15040;Customer-328
HM-14860;Customer-329
HM-14980;Customer-330
HP-14815;Customer-331
HR-14770;Customer-332
HR-14830;Customer-333
HW-14935;Customer-334
HZ-14950;Customer-335
IG-15085;Customer-336
IL-15100;Customer-337
IM-15055;Customer-338
IM-15070;Customer-339
JA-15970;Customer-340
JB-15400;Customer-341
JB-15925;Customer-342
JB-16000;Customer-343
JB-16045;Customer-344
JC-15340;Customer-345
JC-15385;Customer-346
JC-15775;Customer-347
JC-16105;Customer-348
JD-15790;Customer-349
JD-15895;Customer-350
JD-16015;Customer-351
JD-16060;Customer-352
JD-16150;Customer-353
JE-15475;Customer-354
JE-15610;Customer-355
JE-15715;Customer-356
JE-15745;Customer-357
JE-16165;Customer-358
JF-15190;Customer-359
JF-15295;Customer-360
JF-15355;Customer-361
JF-15415;Customer-362
JF-15490;Customer-363
JF-15565;Customer-364
JG-15115;Customer-365
JG-15160;Customer-366
JG-15310;Customer-367
JG-15805;Customer-368
JH-15430;Customer-369
JH-15820;Customer-370
JH-15910;Customer-371
JH-15985;Customer-372
JH-16180;Customer-373
JJ-15445;Customer-374
JJ-15760;Customer-375
JK-15205;Customer-376
JK-15325;Customer-377
JK-15370;Customer-378
JK-15625;Customer-379
JK-15640;Customer-380
JK-15730;Customer-381
JK-16090;Customer-382
JK-16120;Customer-383
JL-15130;Customer-384
JL-15175;Customer-385
JL-15235;Customer-386
JL-15505;Customer-387
JL-15835;Customer-388
JL-15850;Customer-389
JM-15250;Customer-390
JM-15265;Customer-391
JM-15535;Customer-392
JM-15580;Customer-393
JM-15655;Customer-394
JM-15865;Customer-395
JM-16195;Customer-396
JO-15145;Customer-397
JO-15280;Customer-398
JO-15550;Customer-399
JP-15460;Customer-400
JP-15520;Customer-401
JP-16135;Customer-402
JR-15670;Customer-403
JR-15700;Customer-404
JR-16210;Customer-405
JS-15595;Customer-406
JS-15685;Customer-407
JS-15880;Customer-408
JS-15940;Customer-409
JS-16030;Customer-410
JW-15220;Customer-411
JW-15955;Customer-412
JW-16075;Customer-413
KA-16525;Customer-414
KB-16240;Customer-415
KB-16315;Customer-416
KB-16405;Customer-417
KB-16585;Customer-418
KB-16600;Customer-419
KC-16255;Customer-420
KC-16540;Customer-421
KC-16675;Customer-422
KD-16270;Customer-423
KD-16345;Customer-424
KD-16495;Customer-425
KD-16615;Customer-426
KE-16420;Customer-427
KF-16285;Customer-428
KH-16330;Customer-429
KH-16360;Customer-430
KH-16510;Customer-431
KH-16630;Customer-432
KH-16690;Customer-433
KL-16555;Customer-434
KL-16645;Customer-435
KM-16225;Customer-436
KM-16375;Customer-437
KM-16660;Customer-438
KM-16720;Customer-439
KN-16390;Customer-440
KN-16450;Customer-441
KN-16705;Customer-442
KS-16300;Customer-443
KT-16465;Customer-444
KT-16480;Customer-445
KW-16435;Customer-446
KW-16570;Customer-447
LA-16780;Customer-448
LB-16735;Customer-449
LB-16795;Customer-450
LC-16870;Customer-451
LC-16885;Customer-452
LC-16930;Customer-453
LC-16960;Customer-454
LC-17050;Customer-455
LC-17140;Customer-456
LD-16855;Customer-457
LD-17005;Customer-458
LE-16810;Customer-459
LF-17185;Customer-460
LH-16750;Customer-461
LH-16900;Customer-462
LH-17020;Customer-463
LH-17155;Customer-464
LL-16840;Customer-465
LM-17065;Customer-466
LO-17170;Customer-467
LP-17080;Customer-468
LP-17095;Customer-469
LR-16915;Customer-470
LR-17035;Customer-471
LS-16945;Customer-472
LS-16975;Customer-473
LS-17200;Customer-474
LS-17230;Customer-475
LS-17245;Customer-476
LT-16765;Customer-477
LT-17110;Customer-478
LW-16825;Customer-479
LW-16990;Customer-480
LW-17125;Customer-481
LW-17215;Customer-482
MA-17560;Customer-483
MA-17995;Customer-484
MB-17305;Customer-485
MB-18085;Customer-486
MC-17275;Customer-487
MC-17425;Customer-488
MC-17575;Customer-489
MC-17590;Customer-490
MC-17605;Customer-491
MC-17635;Customer-492
MC-17845;Customer-493
MC-18100;Customer-494
MC-18130;Customer-495
MD-17350;Customer-496
MD-17860;Customer-497
ME-17320;Customer-498
ME-17725;Customer-499
ME-18010;Customer-500
MF-17665;Customer-501
MF-18250;Customer-502
MG-17650;Customer-503
MG-17680;Customer-504
MG-17695;Customer-505
MG-17875;Customer-506
MG-17890;Customer-507
MG-18145;Customer-508
MG-18205;Customer-509
MH-17290;Customer-510
MH-17440;Customer-511
MH-17455;Customer-512
MH-17620;Customer-513
MH-17785;Customer-514
MH-18025;Customer-515
MH-18115;Customer-516
MJ-17740;Customer-517
MK-17905;Customer-518
MK-18160;Customer-519
ML-17395;Customer-520
ML-17410;Customer-521
ML-17755;Customer-522
ML-18040;Customer-523
ML-18265;Customer-524
MM-17260;Customer-525
MM-17920;Customer-526
MM-18055;Customer-527
MM-18280;Customer-528
MN-17935;Customer-529
MO-17500;Customer-530
MO-17800;Customer-531
MO-17950;Customer-532
MP-17470;Customer-533
MP-17965;Customer-534
MP-18175;Customer-535
MR-17545;Customer-536
MS-17365;Customer-537
MS-17530;Customer-538
MS-17710;Customer-539
MS-17770;Customer-540
MS-17830;Customer-541
MS-17980;Customer-542
MT-17815;Customer-543
MT-18070;Customer-544
MV-17485;Customer-545
MV-18190;Customer-546
MW-18220;Customer-547
MW-18235;Customer-548
MY-17380;Customer-549
MY-18295;Customer-550
MZ-17335;Customer-551
MZ-17515;Customer-552
NB-18580;Customer-553
NB-18655;Customer-554
NC-18340;Customer-555
NC-18415;Customer-556
NC-18535;Customer-557
NC-18625;Customer-558
ND-18370;Customer-559
ND-18460;Customer-560
NF-18385;Customer-561
NF-18475;Customer-562
NF-18595;Customer-563
NG-18355;Customer-564
NG-18430;Customer-565
NH-18610;Customer-566
NK-18490;Customer-567
NL-18310;Customer-568
NM-18445;Customer-569
NM-18520;Customer-570
NP-18325;Customer-571
NP-18670;Customer-572
NP-18685;Customer-573
NP-18700;Customer-574
NR-18550;Customer-575
NS-18505;Customer-576
NS-18640;Customer-577
NW-18400;Customer-578
NZ-18565;Customer-579
ON-18715;Customer-580
OT-18730;Customer-581
PA-19060;Customer-582
PB-18805;Customer-583
PB-19105;Customer-584
PB-19150;Customer-585
PB-19210;Customer-586
PC-18745;Customer-587
PC-19000;Customer-588
PF-19120;Customer-589
PF-19165;Customer-590
PF-19225;Customer-591
PG-18820;Customer-592
PG-18895;Customer-593
PH-18790;Customer-594
PJ-18835;Customer-595
PJ-19015;Customer-596
PK-18910;Customer-597
PK-19075;Customer-598
PL-18925;Customer-599
PM-18940;Customer-600
PM-19135;Customer-601
PN-18775;Customer-602
PO-18850;Customer-603
PO-18865;Customer-604
PO-19180;Customer-605
PO-19195;Customer-606
PP-18955;Customer-607
PR-18880;Customer-608
PS-18760;Customer-609
PS-18970;Customer-610
PS-19045;Customer-611
PT-19090;Customer-612
PV-18985;Customer-613
PW-19030;Customer-614
PW-19240;Customer-615
QJ-19255;Customer-616
RA-19285;Customer-617
RA-19885;Customer-618
RA-19915;Customer-619
RA-19945;Customer-620
RB-19330;Customer-621
RB-19360;Customer-622
RB-19435;Customer-623
RB-19465;Customer-624
RB-19570;Customer-625
RB-19645;Customer-626
RB-19705;Customer-627
RB-19795;Customer-628
RC-19825;Customer-629
RC-19960;Customer-630
RD-19480;Customer-631
RD-19585;Customer-632
RD-19660;Customer-633
RD-19720;Customer-634
RD-19810;Customer-635
RD-19900;Customer-636
RD-19930;Customer-637
RE-19405;Customer-638
RE-19450;Customer-639
RF-19345;Customer-640
RF-19735;Customer-641
RF-19840;Customer-642
RH-19495;Customer-643
RH-19510;Customer-644
RH-19555;Customer-645
RH-19600;Customer-646
RK-19300;Customer-647
RL-19615;Customer-648
RM-19375;Customer-649
RM-19675;Customer-650
RM-19750;Customer-651
RO-19780;Customer-652
RP-19270;Customer-653
RP-19390;Customer-654
RP-19855;Customer-655
RR-19315;Customer-656
RR-19525;Customer-657
RS-19420;Customer-658
RS-19765;Customer-659
RS-19870;Customer-660
RW-19540;Customer-661
RW-19630;Customer-662
RW-19690;Customer-663
SA-20830;Customer-664
SB-20170;Customer-665
SB-20185;Customer-666
SB-20290;Customer-667
SC-20020;Customer-668
SC-20050;Customer-669
SC-20095;Customer-670
SC-20230;Customer-671
SC-20260;Customer-672
SC-20305;Customer-673
SC-20380;Customer-674
SC-20440;Customer-675
SC-20575;Customer-676
SC-20680;Customer-677
SC-20695;Customer-678
SC-20725;Customer-679
SC-20770;Customer-680
SC-20800;Customer-681
SC-20845;Customer-682
SD-20485;Customer-683
SE-20110;Customer-684
SF-20065;Customer-685
SF-20200;Customer-686
SF-20965;Customer-687
SG-20080;Customer-688
SG-20470;Customer-689
SG-20605;Customer-690
SG-20890;Customer-691
SH-19975;Customer-692
SH-20395;Customer-693
SH-20635;Customer-694
SJ-20125;Customer-695
SJ-20215;Customer-696
SJ-20500;Customer-697
SK-19990;Customer-698
SL-20155;Customer-699
SM-20005;Customer-700
SM-20320;Customer-701
SM-20905;Customer-702
SM-20950;Customer-703
SN-20560;Customer-704
SN-20710;Customer-705
SO-20335;Customer-706
SP-20545;Customer-707
SP-20620;Customer-708
SP-20650;Customer-709
SP-20860;Customer-710
SP-20920;Customer-711
SR-20425;Customer-712
SR-20740;Customer-713
SS-20140;Customer-714
SS-20410;Customer-715
SS-20515;Customer-716
SS-20590;Customer-717
SS-20875;Customer-718
ST-20530;Customer-719
SU-20665;Customer-720
SV-20365;Customer-721
SV-20785;Customer-722
SV-20815;Customer-723
SV-20935;Customer-724
SW-20245;Customer-725
SW-20275;Customer-726
SW-20350;Customer-727
SW-20455;Customer-728
SW-20755;Customer-729
SZ-20035;Customer-730
TA-21385;Customer-731
TB-21055;Customer-732
TB-21175;Customer-733
TB-21190;Customer-734
TB-21250;Customer-735
TB-21280;Customer-736
TB-21355;Customer-737
TB-21400;Customer-738
TB-21520;Customer-739
TB-21595;Customer-740
TB-21625;Customer-741
TC-20980;Customer-742
TC-21145;Customer-743
TC-21295;Customer-744
TC-21475;Customer-745
TC-21535;Customer-746
TD-20995;Customer-747
TG-21310;Customer-748
TG-21640;Customer-749
TH-21100;Customer-750
TH-21115;Customer-751
TH-21235;Customer-752
TH-21550;Customer-753
TM-21010;Customer-754
TM-21490;Customer-755
TN-21040;Customer-756
TP-21130;Customer-757
TP-21415;Customer-758
TP-21565;Customer-759
TR-21325;Customer-760
TS-21085;Customer-761
TS-21160;Customer-762
TS-21205;Customer-763
TS-21340;Customer-764
TS-21370;Customer-765
TS-21430;Customer-766
TS-21505;Customer-767
TS-21610;Customer-768
TS-21655;Customer-769
TT-21070;Customer-770
TT-21220;Customer-771
TT-21265;Customer-772
TT-21460;Customer-773
TW-21025;Customer-774
TZ-21580;Customer-775
VB-21745;Customer-776
VD-21670;Customer-777
VF-21715;Customer-778
VG-21790;Customer-779
VG-21805;Customer-780
VM-21685;Customer-781
VM-21835;Customer-782
VP-21730;Customer-783
VP-21760;Customer-784
VS-21820;Customer-785
VT-21700;Customer-786
VW-21775;Customer-787
WB-21850;Customer-788
XP-21865;Customer-789
YC-21895;Customer-790
YS-21880;Customer-791
ZC-21910;Customer-792
ZD-21925;Customer-793
